{
	[
		{
			"Time": "2018-03-14 10:28:37,111",
			"GYRO_X": 0.00000,
			"GYRO_Y": 0.00000,
			"GYRO_Z": 0.00000,
			"ACCEL_X": 0.00000,
			"ACCEL_Y": 0.00000,
			"ACCEL_Z": 0.00000
		}
	]
}