{
	[
		{
			"Ti": "2018-03-14 10:28:37.111",
			"ACCEL_X": 0.00000,
			"ACCEL_Y": 0.00000,
			"ACCEL_Z": 0.00000
			"LATITUDE": 0.0000000,
			"LONGITUDE": 0.0000000,
		}
	]
}